tweets;Afet;Siyasi;Mağduriyet
hatay çevre illerde hissedilen sonrası can mal kaybının olmamasını temenni ediyorum vatandaşlarımıza geçmiş olsun dileklerimi iletiyorumrabbim milletimizi korusun;1;0;0
hatay kırıkhan ilçesinde  büyüklüğünde deprem meydana gelddepremin derinliği  olarak ölçüldü;1;0;0
afad yapılan açılamaya hatay  şiddetinde deprem meydana geldi;1;0;0
hatay meydana gelen  şiddetindeki deprem çevre illerden hissedildi bölge halkımıza geçmiş olsun dileklerimizi iletiyoruz nşallah can kaybı yoktur;1;0;0
hatay kırıkhan merkezli şiddetinde deprem meydana gelmiştir hatay geçmiş olsun temennim can kaybının yaşanmamasıdır rabbim beterinden korusun;1;0;0
hatay meydana gelen  şiddetindeki deprem çevre illerden hissedildi bölge halkımıza geçmiş olsun dileklerimizi iletiyoruz nşallah can kaybı yoktur;1;0;0
 ülkeme geçmiş olsun bizi sınamadan hazırlıklı olmak zorundayızbüyüklük yerkırıkhan hataytarihsaat tsienlem nboylam ederinlik kmdetay;1;0;0
merkez üssü kırıkhan olan şehrimizde yoğun şekilde hissedildi deprem can kaybı olmamasını diliyor etkilenenen yurttaşlarımıza geçmiş olsun dileklerimi sunuyorum;1;0;0
sahibim bunu durumda paylaşmış aldım evini yıkayım gör tweeti atacaktım deprem allah nota verdi;1;0;0
 hatay  şiddetinde deprem meydana geldi;1;0;0
merkez üssü olan  şiddetindeki deprem hissedildi rabbim ülkemizi milletimizi türlü felaketlerden korusun;1;0;0
sondakika hatay çevresinde büyüklüğünde deprem;1;0;0
bölgesinde yaşamak sonrakinde kalp krizinden gidici duruyorum;1;0;0
kandilli rasathanesi abi paylaşsanız deprem oldugunu;1;0;0
şehrimizde çevre illerde hissedilen deprem sonrası can mal kaybının olmamasını temenni ediyor vatandaşlarımıza geçmiş olsun dileklerimi iletiyorum;1;0;0
deprem ayaktaydim diz bağlarım çözüldü zannettim;1;0;0
deprem yüreğimden vurdu ondandır deprem içimde benim dedim hala sallanıyoruz  depremmiş;1;0;0
kilis deprem bölgesi olmamasına sallandı deprem merkezi allah yardımcıları olsun;1;0;0
anani sikim deprem;1;0;0
deprem tövbeler olsun;1;0;0
ufak çaplı deprem;1;0;0
şiddetli deprem;1;0;0
ananiiskm deprem amkk taehyun ozur dilerim mac sevmedigim icin;1;0;0
korfezi akdeniz   büyüklüğünde olduderinlik enlem boylam    ;1;0;0
 zaman deprem olacak zaman kıyamet kopacak yeter;1;0;0
abla sizin orda deprem olursa bizde yalan haber yapıyorlar deriz;1;0;0
deprem olduğunda uyanıp yatmıştım tweet bana anı hatırlattı;1;0;0
hareket eden depremler sıvıları jeolojik faylar kaydırarak tehlikeli deprem riskini artırabilmekte sıvılar şekilde tahliye edilmediği sürece risk edecektir;1;0;0
korfezi ege denizi   büyüklüğünde olduderinlik enlem boylam    ;1;0;0
ege denizinde  büyüklüğünde deprem;1;0;0
rasathane bilgilerinde deprem gözükmedi psikolojimiz bozuldu sanırım yatak sallandı hissetmiştim;1;0;0
 erzurum  büyüklüğünde deprem erzurum aşkale ilçesinde  büyüklüğünde deprem meydana geldiafet acil durum yönetimi başkanlığından afad alınan bilgilere göre;1;0;0
deprem stanbul özgü bişey  allah beterinden korusun risk yerde var ;1;0;0
anani sikim deprem;1;0;0
deprem tövbeler olsun;1;0;0
stanbul depremi çin kritik  saat aralık saati  aralık  saati bilimselmiş sunulan videonun bilimi açısından bilimsel geçerliliği yokdepremler güneş ayın değil yerkabuğundaki levha hareketleri oluyor;1;0;0
şiddetli deprem;1;0;0
ananiiskm deprem amkk taehyun ozur dilerim mac sevmedigim icin;1;0;0
korfezi akdeniz   büyüklüğünde olduderinlik enlem boylam    ;1;0;0
 zaman deprem olacak zaman kıyamet kopacak yeter;1;0;0
abla sizin orda deprem olursa bizde yalan haber yapıyorlar deriz;1;0;0
deprem olduğunda uyanıp yatmıştım tweet bana anı hatırlattı;1;0;0
çanakkale erzurum deprem meydana geldi;1;0;0
korfezi ege denizi   büyüklüğünde olduderinlik enlem boylam    ;1;0;0
marmara bölgesin kuzey kola güney kol iznik gemlik segmentlerine edilmesi gerekçok deprem aktivitesi kaydedilmiyor iznik segmenti gevye segmentindemarmara edilmesi gereken yer burasıdır;1;0;0
rasathane bilgilerinde deprem gözükmedi psikolojimiz bozuldu sanırım yatak sallandı hissetmiştim;1;0;0
 erzurum  büyüklüğünde deprem erzurum aşkale ilçesinde  büyüklüğünde deprem meydana geldiafet acil durum yönetimi başkanlığından afad alınan bilgilere göre;1;0;0
deprem stanbul özgü bişey  allah beterinden korusun risk yerde var ;1;0;0
ekvador açıklarında  büyüklüğünde deprem meydana geldi;1;0;0
aletsel büyüklük düşünmeyle olmuyor buunduğunuz bölgedeki fayın boyu derinliği biriken gerilem süresi büyüklüğü belirler gölyaka fayı depremelri büyük deprem oluştursun sürsün korkmanıza;1;0;0
şey yok zmityahyakaptan zemini kötüydü deprem öncesi yapılan zemin iyileştirmesi radye temel tünel kalıp tekniklerle depreme dayanıklı yapı mümkün kocaeli depreminde hasar yoktu;1;0;0
deprem yazdım büyüklüğünde yazıyorduçok tuhaf aradan geçti mesaj geldi bana sarsıntı olabilir diye sanırım artçı olacak diye hissetmedim uyuduk;1;0;0
mugla   büyüklüğünde olduderinlik enlem boylam    ;1;0;0
mugla   büyüklüğünde olduderinlik enlem boylam    ;1;0;0
kızılağaç mah ula muğlabüyüklük   öncederinlik    aralık  ;1;0;0
afad çeken araştırma uykusuzluk deprem habercisi ;1;0;0
hassiktir deprem amk;1;0;0
   büyüklüğünde olduderinlik enlem boylam    ;1;0;0
mars kaydedilen deprem rekor kırdı;1;0;0
ülkede deprem olduğunu düşünsenize;1;0;0
geçen gün ufak deprem olmuştu yıkılmadı;1;0;0
 deprem bölgesi toplanma alanı yok;1;0;0
devamı şöyle celal hoca cahil dedi deprem toplantısına çağırmadılar;1;0;0
karakılıçlı mah yunusemre manisabüyüklük   öncederinlik    aralık  ;1;0;0
gökyüzü pembeydi nşallah deprem olmaz;1;0;0
akpınar mah çameli denizlibüyüklük   öncederinlik    aralık  ;1;0;0
hangi fay deprem bina zemin bilgisine  binanın göçebileceği söyleniyor hasar aır hasar değil kullanılan kelime göçen   göçen bina sayısı  sonuç araştırmaya elde edildi sorguladığım ;1;0;0
ufak sarsıntı hissetsem deprem oluyor sanıyorum koltuk sallansa hopluyorum noluyor diye avize kontrol baktım sallanmıyor rahata geçiyorum ayarlarım bozuldu aralar;1;0;0
anani sikim deprem;1;0;0
deprem tövbeler olsun;1;0;0
ufak çaplı deprem;1;0;0
şiddetli deprem;1;0;0
ananiiskm deprem amkk taehyun ozur dilerim mac sevmedigim icin;1;0;0
korfezi akdeniz   büyüklüğünde olduderinlik enlem boylam    ;1;0;0
 zaman deprem olacak zaman kıyamet kopacak yeter;1;0;0
abla sizin orda deprem olursa bizde yalan haber yapıyorlar deriz;1;0;0
deprem olduğunda uyanıp yatmıştım tweet bana anı hatırlattı;1;0;0
çanakkale erzurum deprem meydana geldi;1;0;0
korfezi ege denizi   büyüklüğünde olduderinlik enlem boylam    ;1;0;0
ege denizinde  büyüklüğünde deprem;1;0;0
rasathane bilgilerinde deprem gözükmedi psikolojimiz bozuldu sanırım yatak sallandı hissetmiştim;1;0;0
 erzurum  büyüklüğünde deprem erzurum aşkale ilçesinde  büyüklüğünde deprem meydana geldiafet acil durum yönetimi başkanlığından afad alınan bilgilere göre;1;0;0
deprem stanbul özgü bişey  allah beterinden korusun risk yerde var ;1;0;0
ekvador açıklarında  büyüklüğünde deprem meydana geldi;1;0;0
deprem oldu;1;0;0
marmara bölgesinde gün deprem bekliyorum fava bekle abisi;1;0;0
deprem bilgisi ücretsiz lastquake uygulamasını indirin tecrübelerinizi paylaşın başkalarının yaşadıklarını öğrenin;1;0;0
mugla   büyüklüğünde olduderinlik enlem boylam    ;1;0;0
mugla   büyüklüğünde olduderinlik enlem boylam    ;1;0;0
kızılağaç mah ula muğlabüyüklük   öncederinlik    aralık  ;1;0;0
afad çeken araştırma uykusuzluk deprem habercisi ;1;0;0
hassiktir deprem amk;1;0;0
   büyüklüğünde olduderinlik enlem boylam    ;1;0;0
mars kaydedilen deprem rekor kırdı;1;0;0
ülkede deprem olduğunu düşünsenize;1;0;0
geçen gün ufak deprem olmuştu yıkılmadı;1;0;0
 deprem bölgesi toplanma alanı yok;1;0;0
devamı şöyle celal hoca cahil dedi deprem toplantısına çağırmadılar;1;0;0
karakılıçlı mah yunusemre manisabüyüklük   öncederinlik    aralık  ;1;0;0
gökyüzü pembeydi nşallah deprem olmaz;1;0;0
akpınar mah çameli denizlibüyüklük   öncederinlik    aralık  ;1;0;0
hangi fay deprem bina zemin bilgisine  binanın göçebileceği söyleniyor hasar aır hasar değil kullanılan kelime göçen   göçen bina sayısı  sonuç araştırmaya elde edildi sorguladığım ;1;0;0
ufak sarsıntı hissetsem deprem oluyor sanıyorum koltuk sallansa hopluyorum noluyor diye avize kontrol baktım sallanmıyor rahata geçiyorum ayarlarım bozuldu aralar;1;0;0
prof  naci görür stanbul depreminde bina hasar alabilir;1;0;0
zmir çeşme ilçesi açıklarında  büyüklüğünde deprem meydana geldi;1;0;0
prof  naci görür stanbul depreminde bina hasar alabilir;1;0;0
zmir çeşme ilçesi açıklarında  büyüklüğünde deprem meydana geldi;1;0;0
dakika ege korkutan deprem ;1;0;0
afad ege denizinde  büyüklüğünde deprem meydana geldiğini duyurdubüyüklük yerege denizitarihsaat tsienlem nboylam ederinlik;1;0;0
benim deprem sonrası travmam oluştu günlerdir uyuyamıyorum mücadele ediyorum ablamın travması yoğunluğu bana gelmiş diyor buna takıldın neee;1;0;0
prof  naci görürden stanbul korkutan deprem uyarısı minimum  büyüklüğünde olur;1;0;0
mugla   büyüklüğünde olduderinlik enlem boylam    ;1;0;0
allah korusun benimde korkum tsunami degil deprem saglam bildigimiz binalar;1;0;0
naci görür stabul deprem olmaz diyen sme yayında ateş püskürdü;1;0;0
naci görür stanbul depreminde ölecek kişi sayısını açıkladı rakam korkunç;1;0;0
malatya   büyüklüğünde olduderinlik enlem boylam    ;1;0;0
müdürlüğümüz personelleri tarafından batı karadeniz sahil güvenlik grup komutanlığıpersonellerine afet farkındalık eğitimi deprem anı uygulaması tahliye tatbikatı eğitimi araç tanıtımı gerçekleştirilmiştir;1;0;0
rüyamda deprem oluyordu gerçekmiş sallanıyordum sanırım sarsılmanın vakti gelmiş;1;0;0
kırıkkale  büyüklüğünde deprem;1;0;0
ran depremiran doğusunda güney horasan eyaletinde  büyüklüğünde deprem meydana geldi;1;0;0
haberler deprem oldu afad kandilli depremler listesi aralık salı;1;0;0
güneyde sel baskını deprem olacak buda benim kehanetim ;1;0;0
düzcede hissedilen şiddetinde deprem sürdü snyesi hissedilen sonrasında şiddeti azaldı ort alınıyor açıklamalarda kandillinin;1;0;0
aynı şiddette deprem yaşansın görelim sarı çizmeli süleyman saatte gidecek bölgeye;1;0;0
konuğumuz prof  cenk alhan lojistik sektörü sanayi tesislerindeki deprem risklerini konuşacağız  dinlemek;1;0;0
deprem tahmincileri hava durumu sozde uzmanlari  cok sarlatan var ortalikta;1;0;0
prof  naci görür stanbul depreminde bina hasar alabilir;1;0;0
zmir çeşme ilçesi açıklarında  büyüklüğünde deprem meydana geldi;1;0;0
dakika ege korkutan deprem ;1;0;0
afad ege denizinde  büyüklüğünde deprem meydana geldiğini duyurdubüyüklük yerege denizitarihsaat tsienlem nboylam ederinlik;1;0;0
benim deprem sonrası travmam oluştu günlerdir uyuyamıyorum mücadele ediyorum ablamın travması yoğunluğu bana gelmiş diyor buna takıldın neee;1;0;0
prof  naci görürden stanbul korkutan deprem uyarısı minimum  büyüklüğünde olur;1;0;0
mugla   büyüklüğünde olduderinlik enlem boylam    ;1;0;0
allah korusun benimde korkum tsunami degil deprem saglam bildigimiz binalar;1;0;0
naci görür stabul deprem olmaz diyen sme yayında ateş püskürdü;1;0;0
naci görür stanbul depreminde ölecek kişi sayısını açıkladı rakam korkunç;1;0;0
malatya   büyüklüğünde olduderinlik enlem boylam    ;1;0;0
müdürlüğümüz personelleri tarafından batı karadeniz sahil güvenlik grup komutanlığıpersonellerine afet farkındalık eğitimi deprem anı uygulaması tahliye tatbikatı eğitimi araç tanıtımı gerçekleştirilmiştir;1;0;0
rüyamda deprem oluyordu gerçekmiş sallanıyordum sanırım sarsılmanın vakti gelmiş;1;0;0
kırıkkale  büyüklüğünde deprem;1;0;0
ran depremiran doğusunda güney horasan eyaletinde  büyüklüğünde deprem meydana geldi;1;0;0
haberler deprem oldu afad kandilli depremler listesi aralık salı;1;0;0
güneyde sel baskını deprem olacak buda benim kehanetim ;1;0;0
düzcede hissedilen şiddetinde deprem sürdü snyesi hissedilen sonrasında şiddeti azaldı ort alınıyor açıklamalarda kandillinin;1;0;0
aynı şiddette deprem yaşansın görelim sarı çizmeli süleyman saatte gidecek bölgeye;1;0;0
konuğumuz prof  cenk alhan lojistik sektörü sanayi tesislerindeki deprem risklerini konuşacağız  dinlemek;1;0;0
deprem tahmincileri hava durumu sozde uzmanlari  cok sarlatan var ortalikta;1;0;0
seminer deprem öncesi alınacak önlemler deprem yapılması gerekenler çök kapan tutun tatbikatı aktif şekilde anlatıldı desteklerinden afad ekibimize teşekkür ediyoruz;1;0;0
proust dediği anılar toplamıyız anımızın tesiri aynı olmaz anılar nöron ağlarımızı sarsar  deprem bittiğinde kendimizi bambaşka kişi olarak buluruz derimiz kalınlaşır kalbimiz taşlaşır yürek burkan kavrama yaşarız;1;0;0
afad kırıkkale korkutan deprem olarak duyurdu acaba insanları korkutmaktan vazgeçin  büyüklüğünde gün deprem oluyor büyüklükteki depremi insanların hissetmesi münkün değil sayenizde hissediyorlar;1;0;0
şey yaşamadan kaçacağım  biliyorum yıl büyük deprem olacak geldim istemiyorum;1;0;0
afet acil durum yönetim başkanlığıafad kırıkkale  büyüklüğünde deprem meydana geldiğini duyurdu;1;0;0
deprem yıktı yıkmayın;1;0;0
ran doğusundaki güney horasan eyaletinde  büyüklüğünde deprem meydana geldiran resmi ajansı irna haberine göre merkez üssü güney horasan eyaletine bağlı boşruye şehri yakınları olan deprem yerel saatle  kaydedildi sarsıntı yerin ;1;0;0
yangın gaz kaçağı deprem  durumlarda binanın acil boşaltılması yapılan yangın merdivenleri çamaşır kurutmak eşyaları bisikletleri çocuk arabalarını  koymak kullanılıyor denetleniyor ;1;0;0
kırıkkale korkutan deprem;1;0;0
allah korusun deprem olsa mevcut gsm operatörlerinin durumu aynısı olacak yıl yaşadık stanbul çevresine ulaşamadık;1;0;0
deprem dayanıklı yapı depremden korunmak yeterli değildir gölyaka binaalr göçmedi işyerlerindeki yapısal hasar yaralanmalar hazırlıksızlık önlem almama davranışlerı öğrenmeme tatbikat yapmama sonucu oluşmuştur;1;0;0
 afad deprem dairesi  müdürlüklerimiz düzenlenen çevrimiçi eğitimimiz başladı  depreme dayanıklı yapılaşma güncel örnekler profkürşat alyamaç afet araşmerkez müd deprem araştırmalarında bilişim teknolojileri profbahadır aktuğ ankara üni;1;0;0
deprem oldu afad kandilli depremler listesi aralık salı aralık salı günü meydana gelen depremler kandilli rasathanesi afad depremler listesi içerisinde paylaşıldı şiddeti  aşan;1;0;0
düzce deprem raporu hazirlandi  pekyolu haber ajansi;1;0;0
deprem oldu afad kandilli depremler listesi aralık salı;1;0;0
rüyamda deprem oluyordu yıkılma yoktu dedim istanbul dümdüz;1;0;0
afad kırıkkale ilçesinde saat  sıralarında  büyüklüğünde deprem meydana geldiğini duyurdu;1;0;0
merkez üssü  olan  büyüklüğünde deprem korku yaratti;1;0;0
deprem yıktı yıkmayın;1;0;0
gün emeklilikte güne takıların deprem sigorta girişi yapılmayanyaptıramayanların dileği eyt nin bugüne taşınmasıdıryeni yılda gülecek kişi dışındafarkını ödemeye razı;0;0;1
diyenlere sormak lazım arkadaş hepiniz yasa çıktıktan gün işe başladınız  hepiniz deprem mağdurusunuz  eyt sizlere kapsasaydı eminim bizden savunurdunuz merak etmeyin faydalananların çocuklarıda  yaşında emekli olacak;0;0;1
deprem bölgesindeki vatandaşların eyt kapsamı  tarihine alınması düşünülüyor ;0;0;1
sain cumhurbaşkanım kesimin hakkini verip kesimin hakkını unutmayin deprem gercegini unutmayin staj magdurlarini unutmayin bizde vatanin evlatlarıyız adalet bekliyoruz sizden;0;0;1
bizde vatanın evlatlarıyız bizde çalışıyoruz kesimi emekli edip kesimi etmemek olmaz deprem gerçeği unutulmamalidir staj unutulmamalıdır adalet istiyoruz;0;0;1
büyük hayal kırıklığına ugradik eyt yasasında deprem staj magdurlari olsaydı;0;0;1
ağustos deprem mağdurları emekçileriyiz gün çıkan yasayla eyt dışında kaldık mağduriyetimizin giderilmesini istiyoruzsaygılarımla ;0;0;1
 komisyon üyeleri yılında yaşanan ülkeyi etkiledi  girisler sigorta bildirimleri ertelendi kapsamı  olmalı;0;0;1
çalıştığım nin arşivlerinde olan röportaj bulunuyor şverenim çorlu avantaj mağazası arat mağazası sgk girişim yapılmadı deprem işverenlere muafiyet tanındı hakkımı istiyorum ;0;0;1
milletin sesi olan vekilimiz  teşekkürler mağdur yaratılarak mağduriyet çözülmez eyt kapsam  olmalı deprem mağdur olan insanlar mağdur edilmemeli;0;0;1
sayın başkanlarımbiz küçük kıyamet olarak adlandırılan ağustos deprem mağdurlarıyız allah bidaha yaşatmasın günlerdi felaketi yaşarken sigorta girişimizi düsünebilirmiydik saygılarımla;0;0;1
sizin imfye borçlanmadı icrat yaptı milletin hayrına işler yaptı bankaları hortumlayıp paralarını cebe indirmedi deprem yardımlarını memur maaşı olarak kullanmadı kef zorunlu tasarrufları eytyi çözdü ödememiştiniz;0;0;1
sayın plan bütçe komisyon üyelerim ağustos deprem mağdurları emekçileriz gün çıkan yasayla eyt dışında kaldıksaygılarımla;0;0;1
cumhurbaşkanım eyt yasasını bizlerin deprem mağdurlarının mağduriyetini giderecek şekilde düzenlenmesini talep ediyoruz;0;0;1
 komisyon üyeleri yılında yaşanan ülkeyi etkiledi  girisler sigorta bildirimleri ertelendi kapsamı  olmalı;0;0;1
sayin baskanim partili olarak sizden ricam bizlerinde sesini duymanzi istiyorum bizler yili eylul oncesi girdik sigortalarimiz zamaninda ödenmedigi icin birde deprem zamanina denk geldi icin magdur olduk simdi eyt nin tamamini kapsamasini istyrz;0;0;1
sayın cumhurbaşkanı eyt aralık  genişletilmesini isteğimizi görmezden geldiniz zamanlar deprem nedeni herşey yavaşlamıştışimdi günün karşılığı yıl çalışmak olacak düzenleme yapılmaz hakkımızı helâl etmiyoruz;0;0;1
gün yıl eyt haklarını alan herkese hayırlı olsun deprem staj mağdurlarını unutmayın eyt sesleniyorum destek kapsam  olmalıağustosta işe başladım çadırlarda yatıp işe gidiyordumsigortamı ekim yaptılar;0;0;1
deprem mağdurlarını unutmayın stajyerleri ;0;0;1
depremi işe giriş atama sgk bildirimleri ötelenmişbinlerce mağduruyuz talebimiz kapsamının  olmasıdır saygılarımızla;0;0;1
deprem millet can derdindeyken  milletvekiliyle apar topar çıkardığınız yasa yaşında emekliliğe mahkum edildiknasıl eğleniyo musunuz vicdanınız ;0;0;1
vekilim marmara vekilim düzce can mal derdine düşmüş işe girişler ssk bildirgeleri ötelenmiş mağduriyet doğmuşturkapsam  olmalı kademeli geçiş sağlanmalıdıraynı yaşıt güne yıl fark atıyor;0;0;1
sayın cumhurbaşkanım ülkenin deprem gerçeği varbizlerde yılındaki depremden mağdur oldukülkece bundan etkilendiğimizi bizden bilirsinizsizden ricamız eytkapsamının  tarihine çekilmesidir;0;0;1
 deprem ssk girişleri yapıldı;0;0;1
doları ekonomik büyüklükte bişey değil ulke dolar bulunamadığı nerdeyse memur maaşlarını odeyemeyecek hale gelmişti deprem yardımları ödediler maaşları;0;0;1
eyt deprem mağdurları olarak eyt kapsamın  olmasını istiyoruz;0;0;1
deprem zamanı devlet sgk ödemelerini ötelemedi işverenler sgk prim derdinde değilken çalışan cezalandırılıyor aynı yıl giriş yapan gün farkıyla yıl ceza almış olacak kapsam yılı olmalı;0;0;1
gazi meclisimizin değerli vekilleri eyt plan bütçe komisyonunuza geldiğinde deprem mağdurlarının mağduriyetlerinin giderilmesi kapsamın  olarak genişletilmesi konusunda gerekli çalışmaları yapacağınıza inanıyoruz;0;0;1
hala aynı şey yok eyt yok staj yok deprem mağduru  arkadaşım kafanız basmıyor günle sene emeklilik yaşı farkı olamaz büyük magduriyet budur;0;0;1
eyt yasası komisyon görüşmelerindeabo staj bağkur deprem mağduriyetlerinin eyt kapsamına girmesi masadan söz stiyor;0;0;1
eyt sigorta başlangıcının  olmasını bekliyoruzdeprem binlerce insanın işe girişleri ertelendi;0;0;1
sayın başkanım eytyı günle kaçırıyorum işyerınde arkadasımda günle kacırıyor günle yıl fark olurmu deprem zamanı yalvar yakar bulduk konuda bizi öksüz bırakmayın;0;0;1
bizlerde eyt kapsaminin aralık tarihine kapsamasini stajın ssk başlangıcı olmasını istiyoruzdeprem yılıydı yıl yazikki ssk girişleri ertelendi çok mağdur var  herkesin yılı hayırlı olsun;0;0;1
  denstaja devlet sözü istedik vermedilertbmm eyt komisyon görüşmelerinde deprem mağduriyetleri eyt kapsamina alinmasini bekliyoruz;0;0;1
yıla girerken staj eyt çıraklık deprem mağdurları sayamadığım kaderdaşlarım yılda hak hukuk adalet isdediyini alır arkada mağdur kalmaz herkese seneler;0;0;1
 deprem mağduruyduk eyt mağduru olmak istemiyoruz eyt kapsamı  olsun;0;0;1
sayın cumhurbaşkanım deprem mağduru sigorta girişleri depremden yapılmış emekçi vatandaşlarinizi unutmayıncikacak ety kapsaminin  olarak düzenlemesini rica ediyoruz;0;0;1
eyt sonuna kapsamalı deprem mağdurları;0;0;1
eyt abo ets bağkur deprem mağduriyetlerinin çözüldüğü yıl diliyorum yılımız hayırlı uğurlu bereketli olsunyeni yılda;0;0;1
staj ssk başlangıcı olmali yılının tamamını kapsaması önemlideprem yılıydı sene girişler gecikti;0;0;1
depremi işe giriş atama sgk bildirimleri ötelenmişbinlerce mağduruyuz talebimiz kapsamının  olmasıdır saygılarımızla;0;0;1
 plan bütçe komisyon üyelerim ağustos inden gün çıkarılan yasa dışarıda kaldık  olsun istiyoruzsaygılarıml;0;0;1
eyt  olmalidideprem den dolayi magdur olanlara  magduriyet yasatmayi;0;0;1
sayi veki eyt  olmalideprem zamanindan kmiolan kanundan magdurlar var lgi teşekkür lersayi baskan;0;0;1
sayın bakan eyt aralık  genişletilmesini isteğimizi görmezden geldiniz zamanlar deprem nedeni herşey yavaşlamıştışimdi günün karşılığı yıl çalışmak olacak düzenleme yapılmaz hakkımızı helâl etmiyoruz;0;0;1
plan bütçe komisyon üyelerim ağustos deprem mağdurları emekçileriz gün çıkan yasayla eyt dışında kaldık;0;0;1
değerli vekillerim hepinizin yılını kutlar sağlık mutluluk huzur dolu yıllar dilerimayrıca deprem mağdurları olarak eyt kapsamının tarihine çekilmesi konusunda desteklerinizi bekliyoruz;0;0;1
ağustos deprem mağdurları emekçileriyiz gün çıkan yasayla eyt dışında kaldık mağduriyetimizin giderilmesini istiyoruzsaygılarımla ;0;0;1
 komisyon üyeleri yılında yaşanan ülkeyi etkiledi  girisler sigorta bildirimleri ertelendi kapsamı  olmalı;0;0;1
çalıştığım nin arşivlerinde olan röportaj bulunuyor şverenim çorlu avantaj mağazası arat mağazası sgk girişim yapılmadı deprem işverenlere muafiyet tanındı hakkımı istiyorum ;0;0;1
milletin sesi olan vekilimiz  teşekkürler mağdur yaratılarak mağduriyet çözülmez eyt kapsam  olmalı deprem mağdur olan insanlar mağdur edilmemeli;0;0;1
sayın başkanlarımbiz küçük kıyamet olarak adlandırılan ağustos deprem mağdurlarıyız allah bidaha yaşatmasın günlerdi felaketi yaşarken sigorta girişimizi düsünebilirmiydik saygılarımla;0;0;1
sizin imfye borçlanmadı icrat yaptı milletin hayrına işler yaptı bankaları hortumlayıp paralarını cebe indirmedi deprem yardımlarını memur maaşı olarak kullanmadı kef zorunlu tasarrufları eytyi çözdü ödememiştiniz;0;0;1
sayın plan bütçe komisyon üyelerim ağustos deprem mağdurları emekçileriz gün çıkan yasayla eyt dışında kaldıksaygılarımla;0;0;1
cumhurbaşkanım eyt yasasını bizlerin deprem mağdurlarının mağduriyetini giderecek şekilde düzenlenmesini talep ediyoruz;0;0;1
 komisyon üyeleri yılında yaşanan ülkeyi etkiledi  girisler sigorta bildirimleri ertelendi kapsamı  olmalı;0;0;1
sayin baskanim partili olarak sizden ricam bizlerinde sesini duymanzi istiyorum bizler yili eylul oncesi girdik sigortalarimiz zamaninda ödenmedigi icin birde deprem zamanina denk geldi icin magdur olduk simdi eyt nin tamamini kapsamasini istyrz;0;0;1
sayın cumhurbaşkanı eyt aralık  genişletilmesini isteğimizi görmezden geldiniz zamanlar deprem nedeni herşey yavaşlamıştışimdi günün karşılığı yıl çalışmak olacak düzenleme yapılmaz hakkımızı helâl etmiyoruz;0;0;1
gün yıl eyt haklarını alan herkese hayırlı olsun deprem staj mağdurlarını unutmayın eyt sesleniyorum destek kapsam  olmalıağustosta işe başladım çadırlarda yatıp işe gidiyordumsigortamı ekim yaptılar;0;0;1
deprem mağdurlarını unutmayın stajyerleri ;0;0;1
depremi işe giriş atama sgk bildirimleri ötelenmişbinlerce mağduruyuz talebimiz kapsamının  olmasıdır saygılarımızla;0;0;1
deprem millet can derdindeyken  milletvekiliyle apar topar çıkardığınız yasa yaşında emekliliğe mahkum edildiknasıl eğleniyo musunuz vicdanınız ;0;0;1
vekilim marmara vekilim düzce can mal derdine düşmüş işe girişler ssk bildirgeleri ötelenmiş mağduriyet doğmuşturkapsam  olmalı kademeli geçiş sağlanmalıdıraynı yaşıt güne yıl fark atıyor;0;0;1
sayın cumhurbaşkanım ülkenin deprem gerçeği varbizlerde yılındaki depremden mağdur oldukülkece bundan etkilendiğimizi bizden bilirsinizsizden ricamız eytkapsamının  tarihine çekilmesidir;0;0;1
 deprem ssk girişleri yapıldı;0;0;1
doları ekonomik büyüklükte bişey değil ulke dolar bulunamadığı nerdeyse memur maaşlarını odeyemeyecek hale gelmişti deprem yardımları ödediler maaşları;0;0;1
eyt deprem mağdurları olarak eyt kapsamın  olmasını istiyoruz;0;0;1
deprem zamanı devlet sgk ödemelerini ötelemedi işverenler sgk prim derdinde değilken çalışan cezalandırılıyor aynı yıl giriş yapan gün farkıyla yıl ceza almış olacak kapsam yılı olmalı;0;0;1
gazi meclisimizin değerli vekilleri eyt plan bütçe komisyonunuza geldiğinde deprem mağdurlarının mağduriyetlerinin giderilmesi kapsamın  olarak genişletilmesi konusunda gerekli çalışmaları yapacağınıza inanıyoruz;0;0;1
hala aynı şey yok eyt yok staj yok deprem mağduru  arkadaşım kafanız basmıyor günle sene emeklilik yaşı farkı olamaz büyük magduriyet budur;0;0;1
sayın cumhurbaşkanım  günle  ayla eyt kapsamın dışında kalan büyük marmara deprem mağdurlarını kapsama dahil edin saygilar sevgiler;0;0;1
sayın vekilim  günle  ayla eyt kapsamın dışında kalan büyük marmara deprem mağdurlarını unutmayın teşekkürler;0;0;1
temelde hak iadesi bunu topluma yüküde olacak yıldır  yaşında yüksek maaşla emekli olanların yükünü çeken ülke düdük maaşla emekli olan milyonun yükünü çeker dua edelim savaş deprem olmasın;0;0;1
eytden bahsediyordur deprem;0;0;1
yıllık parti hükümeti kucağında bulduğu yıllık eyt sorununu çözdüsorunu erdoğan kucağına bırakanlar demagoji yaptı gün memur maaşını deprem yardımları ödeyenler bunlarkirli siyasetinizin canı cehennemeallah millete günleri yaşatmasın;0;0;1
ali bey eyt kapsami  sonu olmadığı müddetçe yasa yarım kalıyor cunku büyük deprem gerçeği var bunu defa dile getirmişdiniz bunu teşekkür ederim enkazın altında kalmadık sizce;0;0;1
deprem mağdurları eyt yasa kapsamında değerlendirilerek çözüme kavuşması beklemektedirler çıkacak yasa taslağında olmalarını umut ediyoruz;0;0;1
eytdebgune takilanlari deprem magdurlarini unutmayin lutfen kapsam bizi almali cok üzgünüz sizinde dediginiz aralik cekilmeli;0;0;1
valla ötv deprem toplanan vergi idideprem depremzedeye kira öder sattılar yapıp para toplayacaklar ötv alıyorlar kaldırsınlar pandemi eğitim vardı çocuklara tablet alınacak ötv attırılıp fiyat yükseltildi;0;0;1
başkanım deprem nedeni aralık bildirilen girişli olarak çalışmak zorundayım benim deprem nedeni girişleri bildirilenler var mağduriyet olacak;0;0;1
melih bey  sgk girişliyim  depreminden hizmet başlangıç zamanım  olarak gözüküyor adapazarında deprem hizmet başlangıç sürem  gözüküyor yapmam gerekiyor selamlar yayınlar;0;0;1
sayın bakanım deprem mağdurlarını kapsam dışı bıraktınız gün çıkan yasa halkımız canı uğraşırken sgk girişleri ertelenmişken bizleri mağdur ettiniz;0;0;1
 vadeli sigorta başlangıcım yaklaşık aydan eyt olamıyorum yıl deprem ekonomik krizden işletmeler sigortalı çalıştırmadı durum dikkate alınamaz   tarihlerindeki stajımı borçlanamıyorum adalet ;0;0;1
deprem dönemin hükümetinin aldığı kararlar varssk vergi ceza geciririle bilir diye mağdur olduk deprem zedeler ücretsiz mesai yapıp çadır dikmistim ssk girişim yapıldı bizim durumumuzda  insan var agir geldi devlete;0;0;1
mecliste ety görüşmeleri yapılacak komisyon kurulacak deprem nedeni mağdur olanlar staj konularda gorusulecektirmuhalefetun konuda baskısı olacağını düşünüyorumasul sorun durumlardan mağdur olanların sayıları kac kişi mağdur;0;0;1
deprem magdurlarini saydiniz eyt ;0;0;1
boyle biseyi cikariyorsan yili baz alirsin gunu degil  yaparsin agustosta deprem olmus insanlar ssk ugrassinlar bakarsan bak boylesine adaletsiz karari türkiye siyaset tarihinde gormedim yasamadim;0;0;1
ağustos depremi sgk girişleri mücbir sebeplerden ertelenen mağdurlarının sorununun çözümü eyt kapsamı  olarak düzenlenmelidir;0;0;1
sayın vekilim deprem mağdurlarını unuttunuz kapsamın  olarak eyt düzenlemesinin yasalaşmasını umutla bekliyoruz;0;0;1
özgür bey staj girişi deprem mağdurları olacak;0;0;1
staj sayılmamış deprem mağdurları var gün yıldan emekli olacakken prim gün kazık oldunuzşeytanayrıntıda gizli  yarıya traşladınız yemezler;0;0;1
eyt deprem sgk girişler aksadı sebeple  ayla kaybeden kişiler var sizin derdiniz degilmi tamamı kapsamali  konuyu sesiniz çıkar umarım adalet diyorsanız federasyonunuzu kapatın derim;0;0;1
eylül sigorta girişim var staj marmara depremini yaşadım deprem sonrası çıkmış yasa beni geçtim can dersine sigorta dersine düşsün insanlar;0;0;1
deprem sigorta başlangıcı bildirilenler mağdur olacaklar eyt başlangıcı  olmasını sizden arz ederim;0;0;1
yılı  sigorta girişim var sene deprem yaşadık  deprem bölgeleri  kocaeli  adapazarı  istisna yapılabilirdi  yaşı beklemek zulmdür ;0;0;1
ağustos kasım depremleri sgk girişleri mücbir sebeplerden ertelenen deprem mağdurlarının sorununun çözümü eyt kapsamı  olarak düzenlenmelidir;0;0;1
sayın vekilim  deprem atamaları yapılan  gün eyt kaçıran eşim gibi mağdurların durumları gelişme bekliyor musunuz saygılar sunarım;0;0;1
hayırlı olsun eyt arkadaşlara ali abi bizler deprem mağdurları diskalifiyemi olduk ;0;0;1
desten verin eyt deprem mağdurları unutuldu ağustos depreminden girişleri yapılanlar mağdur oldu yardım edin yasal olarak verilen süreden  sene çalışmak zorundayız ;0;0;1
emekli maaşlarını deprem yardımlarıyla ödediler onuda gördü millethaaa arada eyt değilsin kasma kendinireis ülkenin başında olacaksen oyuunu kime verisen ver;0;0;1
günle eyt olmayı kaybediyorum sene farkediyor temmuzda başi yapmıştım öteledi deprem dolayısı devlet muafiyet getirdi kimsenin sigortası yapılmadı mevcut yasada emekli olmaya hak kazanacakken yaşında emekli olabiliyorum hakmı;0;0;1
eytlilerin hakkını verdiniz emeklerinize sağlık takılanları çözüme kavuşturmanız konusunu değerlendirmelerinize arz ederim;0;0;1
deprem sonucu atamalarımız eylül sonu oldu bize hak yaş emekli günlerle kaçırdık eylülü;0;0;1
deprem ssk girisleri yapilamayanlar;0;0;1
sayın cumhurbaşkanımız yilinda yasadigimiz deprem felaketlerinden sigorta girislerinin gec yapilmasiise giris atamalarin ertelenmesinden dolayi  tarihine sigortali olan herkesi eyt kapsami icine aldiracaginiza inaniyoruz;0;0;1
vekilim senesini komple kapsaması gerekirdi deprem sonrası işe girişlerde sgk bildirimi ertelendi binlerce kişi günle yaşını beklemek zorunda kalacak kanunu senesini komple kapsayacak şekilde düzeltin;0;0;1
 staj girişliyimyıl ortasında kanun değişiyorönce bunu düzeltmesi gerekiyorlardı deprem mağduru var aralık yapmıyorsunuz gün yıl çalışacağımhak  kanunu çıkaranlarında destek verenlere hakkımı helal etmiyorum;0;0;1
ssk maaşlarının deprem yardımlarıyla ödendiği günlerden bugünlere  utanmakda erdemdir ;0;0;1
yılında staj yaptım okul bitti peşpeşe tane büyük deprem oldu yıkıntıların arasında çalıştıgım işyeri sigorta girişini yapmadıozaman çocuk aklimızla bisey yapamadikşimdi bunları gormezden geliyorsunuzsecim zamanı kapıma geldiginizde benim yapacagim gibi;0;0;1
eyt arkadaşlara hayirli olsun deprem magdurlari icinde desteklerinizi bekliyoruz kapsam genislemeli;0;0;1
merhabalar olarak eyt depreme takılanları dönem sgk girişleri yapılamayan işe girişleri atamaları ötelenenleri sorabilir misinizkapsam  olarak genişletilmiştir ;0;0;1
deprem sgk girişleri yapılamayan mağdurlar bakan  öncesi diyor eylül aralık zor eylül girişli  yaşında emekli olabilecekken eylül girişli  yaşında emekli olacak;0;0;1
firma sahibi sgk girişimizi bildirmemiş deprem olunca yatmış ölmüşlerdir diye arkadaşım kazası geçirdiği hastane olayına girince gün sigortalı göstermiş emekli oluyor yaşına devam sokuk şansım var işte;0;0;1
eylulde işe girenler olacak gün hakkı kaybedenler deneme süresi vardı sigorta yapıyorlardı kanunun eylül yılını kapsaması gerekirdi deprem mağdurları sigorta olamayanlar olacak yılından olmalıydı;0;0;1
kasim sgk baslangici agustos deprem magdurlarini unuttugunuz icin tesekkurler vermis oldugunuz kararla yasinda sgk baslangici olan birisini yasinda emekli etmis oldunuz bizlere sene bekleyin demis oldugunuz icin tesekkur ederim;0;0;1
sayın cumhurbaşkanım ağustos depreminde ssk girişleri ötelendi günle eyt tarihinin dışında kalanlar var deprem mağdurlarının hak kaybını önlemek icin kapsamın  olmasını sizden istiyoruz;0;0;1
sayın cumhurbaşkanım ağustos depreminde ssk girişleri ötelendi aramızda günle eyt tarihinin dışında kalan var deprem mağdurlarının hak kaybını önlemek icin kapsamın  olmasını sizden istiyoruz;0;0;1
sayın cumhurbaşkanım ağustos depreminde ssk girişleri ötelendi aramızda günle eyt tarihinin dışında kalan var deprem mağdurlarının hak kaybını önlemek icin kapsamın  olmasını sizden bekliyoruz;0;0;1
sayın cumhurbaşkanımbugün depremzedeler sizden bekliyor ağustos deprem mağdurları olarak bizi eyt dışında bırakmayın saygılarımla;0;0;1
deprem dönemi yaşanan aksaklıkları belirterek eyt tarihinin  olması isteğmizi  devlet büyüklerimize ilettikmühür kendilerinde hayırlısı olsun;0;0;1
sayın bakanım deprem mağdurlarına yardımcı olalım;0;0;1
can abimiz  günle  ayla eyt kapsamın dışında kalan büyük marmara mağdurları bizleri görmüyorlar duymuyorlar bizleri üzüyorlar abi allah tan revamı abi  öncesi sgk yaş emekli  sgk girişli yaş emekli ;0;0;1
 stajyer deprem mağduru kapsamının genişletilmesinitarihin  olmasını bekliyor kişiye hakkının verilmesi desteklerinizi arz ederiz;0;0;1
değerli stajcı değerli deprem mağduru olan arkadaşlar malesef normal eyt  yarayan kutsal günün peşinden gideceginize bunun adil olmadigini günü gün kacırıp yıllar emekli olmanın haksizlik olduğu manifestosu çıkış yapsydiniz adil olurdu;0;0;1
eyt deprem mağdurlarıeyt staj mağdurları eyt sonrası çözüm bekliyor;0;0;1
saygıdeğer cumhurbaşkanımtemennimiz eyt kapsamının olmasıdır olağanüstü deprem koşullarında işyeri yıkılmış sigorta girişleri yapılmamıştıradaletinize güveniyoruzsaygılarımızla arz ederiz;0;0;1
bakanım nedemiştiniz magdur kalmayacak bize mujde verin onuda cok görmeyin deprem diyoruz dogal afet onu gundene almıyosunuz sesimi duyun ses verin eyt takıldı;0;0;1
bakanım bizler eyt magdurlarıyız depremde yasa cıkardılar ssk girişlerimiz ertelendi bizim sucumuz neydi gune yil mahrum kalmakmı araştırın burda magduriyet var;0;0;1
inde sgkgirişleri gecikti işe alımlar atamalar ertelendi geçmişe dönük düzenlemeyi hakediyoruz sesimize ses olur musunuz ;0;0;1
emekli olmak zorundayız sgk yapıldı bizim günahımız nedir ;0;0;1
eyt deprem mağdurları olmadan yapılacak eyt yasası adil olmayacaktır kapsam  olsun mağduriyet olmasın;0;0;1
çabalarımız hak eyt deprem mağdurları olarak hakkımızı verecektir devletimiz inanıyoruz eyt kapsamı  olsun depremde magdur olduk çıkacak yasayla mağdur olmayalım;0;0;1
eyt deprem mağdurları olmadan yapılacak eyt yasası adil olmayacaktır kapsam  olsun mağduriyet olmasın;0;0;1
 sonrası sgk lilar olarak geçmişin hataları mağdur edildikçalıştığımız halde deprem bahane edilerek girişlerimiz ötelendibunun bedeli günle haftayla ayla yıl olmamalı  sonu olmalıdır;0;0;1
dam mahkumuna arsuzu sorulur eyt deprem mağdurları olarak bize şey sormuyor eyt  olsun;0;0;1
staj secim sonrasına vaad verilirse hepimizin morali güveni sıfıra iner hayalleri biterdeprem vurdu vurmayın;0;0;1
sayın cumhurbaşkanım deprem mağdurlarının sesini duyun lütfen bizler yıldır hak mağduriyeti yaşayan depremzedeleriz devletimizin sorunu görmesi aylardır çırpınıyoruz sessizin duyulmasını eyt yasası bulmasını bekliyoruz;0;0;1
eyt  staj mağduru deprem mağdurların  aralık  sorununun çözümü çalışma bekliyoruz  bilgin cumhur ttifakı eyt sorununu masadan kaldıracağına canı gönülden inanıyorum;0;0;1
eyt deprem mağdurları olmadan yapılacak eyt yasası adil olmayacaktır adaletinize güveniyoruzkapsam  olsun mağduriyet olmasın;0;0;1
yillarca odedidigimiz primler yillardir çalinan maaşlarimiztipki deprem paralarimiz gibi guruha meze oluncabize  dusuyoryasadigim haram zikkim edecegim ilgili olan herkese;0;0;1
primler stajda verilen sicil yatirildidemek staj gercek baslangiciymisdeprem vurdu zatenbir vurmayın;0;0;1
eyt kapsamı  olarak istisnasiz şartsız koşulsuz revize edilmeli;0;0;1
eyt deprem mağdurlarını gündeme getirebilir misiniz ;0;0;1
 meslek lisesin okudum yıl sanayi çalıştım staj  deprem zamanı vatani görevini askere gittim cebimden parasını ödememe eyt değilimöylemi;0;0;1
eyt  hakkını istiyor deprem zamani insan can derdindeyken sigorta girişini duşünemezki;0;0;1
sayın sesimizi duyurun eyt  kapsamalıbir kac günlekaćırıyoruz deprem mağdurlarindaniz;0;0;1
 eyt eyt eyt zamanımiz duyun sesimizi;0;0;1
 zafer bizim sun eyt kapsam  sun lutfen deprem magdurlarini düşünun;0;0;1
zaman daralıyor umuduz hala etmekte eyt  olacak;0;0;1
cumhurbaşkanım staj deprem mağdurları olmadan çıkan eyt büyük mağduriyetler hayal kırıklıkları ortaya çıkaracaktır staj sız eyt babanın evlatları arasında ayrım yapmasına benzer haksızlık tan zarar görecektir;0;0;1
cumhurbaşkanım staj deprem mağdurları olmadan çıkan eyt büyük mağduriyetler hayal kırıklıkları ortaya çıkaracaktır staj sız eyt babanın evlatları arasında ayrım yapmasına benzer ayrımcılığa kayıtsız kalmayın;0;0;1
yılında ssk bildirimleri sonrasına yapılıyordudeprem olunca bildirimler yapılmadıeyt tarihinin  olmasını istiyoruz;0;0;1
yılı marmara deprem bölgesinde yaşayan maruz kaldığı olağan üstü durum mağduriyetinin giderilmesi açısından önem arz edilen düzenlemedir eyt konusu depremzede vatandaşlara ayrıcalık yapılarak sgk girişleri  olarak eyt kapsamına alınması gerekmektedir;0;0;1
üvey evlat değiliz eyt liden primimiz var eyt kapsami genişlesi mağduriyetler bulsun;0;0;1
toplumsal dayanışma alkışlanır  eyt kapsamı  olmalı deprem yapılmayan ötelenen sigorta girişlerinin bedeli yıl beklemek olmamalı;0;0;1
tektir mağdur olduk eyt kapsamı  olarak ıstisnasiz revize edilmeli;0;0;1
zamları yapıyortarım kredi marketleri fetöcüpahalılık karşısında birilerini suçlu gösteren iktidara cevap verdi çocuğun prof  bayraktar cem garipoğlu mamoğlu;0;0;1
eyt depreme takıldık büyük felaket bize imtiyaz hakkı vermeli eyt ;0;0;1
eyt tarihini gözardı etmeyin bizler deprem istemeden elimizden birşey gelmeyen ortamda kaçırdığımız hakkımızı arıyoruz;0;0;1
 staj mağduruyum  deneme süresi adı altında bildirim sigortası yapılmayan emekçi mağdurum deprem sigorta başlangıcı işverence  ötelenen depremzede mağdurumhak diyorum;0;0;1
ssk bildirimleri sonrasına yapılıyordudeprem olunca bildirimler yapılmadıeyt tarihinin  olmasını istiyoruz aksi hak kaybı olacaktır devletimizin adalet terazisine güveniyoruz;0;0;1
ssk bildirimleri sonrasına yapılıyordudeprem olunca bildirimler yapılmadıeyt tarihinin  olmasını istiyoruz;0;0;1
ssk bildirimleri sonrasına yapılıyordudeprem olunca bildirimler yapılmadıeyt tarihinin  olmasını istiyoruz;0;0;1
türk kültüründe baba ilişkisi saygı savgi temelleri oturtulmuş kültür korunmuşturgelelim çakma baba oğulabirbirlerini boğazlayacak duruma gelmişler koltuk kavgası chp deprem yaratacakher hiyara tuz konmaz;0;1;0
chp şey gelişiyor kasetle koltuk kapılıp chp ihraç ediliyor akşener imamoğluna sarılıp chp yollu deprem yaşatıyor kılıçdaroğlu tabanları yağlayıp almanya tırısa kalkıyor saati saatini tutmuyor;0;1;0
türkiye mağdurken ülkede deprem olurken ülkelerde gezenleride görüyor musunuz düzce boruları patlıyor mesela kanal haber yapmıyor chp belediyesi particiliği bırakıp icraate bakarsak hizmet alırız adam sahaya indi;0;1;0
chp deprem chp stanbul valiliği gönderdiği yazıda millet ttifakı mitinginin büyük alan olan yenikapı yapılacağını belirtti chp  başkanı mamoğlu bunu görmezden gelerek mitingi küçük alana sahip olan saraçhane yaptı;0;1;0
yanlışınız var çiller tarihleri arasında chp zihniyeti olan ecevit vardı bankaların battığı dönemi söylüyorum emekliye maaş veremeyen deprem yardımlarını emekliye maaş olarak dağıttık diyen çapsız zihniyet;0;1;0
youtube yayınında chp  hesaplasmasina vakit ayırmazsanız sevinirim değinilecek olabilir  adam başarısız başarısız deprem olsa stanbul  yapacak onu düşünsün;0;1;0
chp koldan girdiler  buyuk deprem olacak yiyecekler birini emin olunuz parti mhp goruslerden olursa olsun sosyosarlatanlara zirnik cikmazataturkculer kemalistler istifa edilmis eski vekiler canancilar;0;1;0
chp belediyeleri çalıştırmamak türlü yolu deniyorsunuz deprem yapılması gerekenleri engelliyorsunuz halkın iradesini cezalandıranlar bizden bekliyor beklersiniz yanındayız mamoğlu ;0;1;0
chp despotizminden cumhuriyet  işte geçtiğimiz  halkı korkutuyorlar gıdım değişmemişler günaydınlar;0;1;0
 sözcüsüne sviçre tatili yanan otobüsler bakım onarım ihalesi alan chp  hemde deprem reklama para  tabiki eşe dosta ihale verildi alınan milyonlarca  borç karşılığı yok yazardım yazdıkça terbiyemi bozacağım nokta;0;1;0
kiliçdaroğlu kabuslarichp  şiddetinde mamoğlu depremi yaşanıyor kıyamet kopuyor chp deprem çadırından fısıltılar siyaset kulislerine yansıyor kiliçdaroğlu ekrem mamoğlu meral akşener rağmen cumhurbaşkanı adayı yaptırmayacak;0;1;0
akp mhp liderleri birlerini överken;0;1;0
erdoğan şiir okuyorlar erdoğan erdem beyazıt şiiri kıtası diyorkemal okusalar nutuktan satır demesi muhtemeldeprem hatay messi laiklik;0;1;0
chp şey gelişiyor kasetle koltuk kapılıp chp ihraç ediliyor akşener imamoğluna sarılıp chp yollu deprem yaşatıyor kılıçdaroğlu tabanları yağlayıp almanya tırısa kalkıyor saati saatini tutmuyor;0;1;0
türkiye mağdurken ülkede deprem olurken ülkelerde gezenleride görüyor musunuz düzce boruları patlıyor mesela kanal haber yapmıyor chp belediyesi particiliği bırakıp icraate bakarsak hizmet alırız adam sahaya indi;0;1;0
chp deprem chp stanbul valiliği gönderdiği yazıda millet ttifakı mitinginin büyük alan olan yenikapı yapılacağını belirtti chp  başkanı mamoğlu bunu görmezden gelerek mitingi küçük alana sahip olan saraçhane yaptı;0;1;0
yanlışınız var çiller tarihleri arasında chp zihniyeti olan ecevit vardı bankaların battığı dönemi söylüyorum emekliye maaş veremeyen deprem yardımlarını emekliye maaş olarak dağıttık diyen çapsız zihniyet;0;1;0
youtube yayınında chp  hesaplasmasina vakit ayırmazsanız sevinirim değinilecek olabilir  adam başarısız başarısız deprem olsa stanbul  yapacak onu düşünsün;0;1;0
chp koldan girdiler  buyuk deprem olacak yiyecekler birini emin olunuz parti mhp goruslerden olursa olsun sosyosarlatanlara zirnik cikmazataturkculer kemalistler istifa edilmis eski vekiler canancilar;0;1;0
chp belediyeleri çalıştırmamak türlü yolu deniyorsunuz deprem yapılması gerekenleri engelliyorsunuz halkın iradesini cezalandıranlar bizden bekliyor beklersiniz yanındayız mamoğlu ;0;1;0
chp despotizminden cumhuriyet  işte geçtiğimiz  halkı korkutuyorlar gıdım değişmemişler günaydınlar;0;1;0
milletvekili açıklama yapmıştıdeprem vergileri özel iletişim vergisi parası sorduklarında akp milletvekili sanırımbu yollar köprüler yapıldı tarzı açıklama yapmıştı;0;1;0
sorun özel iletişim vergisi deprem kullanılacaktı akp yaptı paraları belli;0;1;0
akp bizi mahvetti;0;1;0
süleyman soylu şehit yakınını teröritst zannetti akp mhp pkk süleyman soylu tcmb bddk faiz eyt recep tayyip erdoğan banka bist borsa enflasyon faiz habertürk habertürkht ahaber tgrt tgrthaber trt trt galatasaray fenerbahçe beşiktaş istanbul eski nebati deprem;0;1;0
mahallelerde depremde toplanma alanı bırakmayanların siyasetini seviyorsunakpli esenler deprem olsa bina yıkılsa mahallelere yardım aracı giremez otopark park alan varsiyasi hayallerinizi kenara bırakıp ülkenin gerçeklerinede bakın arada;0;1;0
akp rant doğa talanı kuruş rant doğayı mahvettiler istanbulda deprem toplanma alanlarını ettiler şehir koca beton mezarlığına döndü ülkeyi enkaza çevirdiler gidince enkazı kaldırmak çooook zaman alacak yapacağız;0;1;0
yıl gaz tuz şeker yoktuyalan nüze yuva yapmış dolar  dan  çıktı hükümet devrildi den  çıktı hala yüzsüzce koltukta oturuyorlar deprem paralarına akp çöktü tarihin yılı olduğunu nebati söyledi senin gerzek anlamadı;0;1;0
akpnin politikası türki nüfus yapisini bozmak içinmiş gibihatırlayın karıştırılan binalar kolayca yıkılmıştı  suriyeliafgan kumu karıştırıyor sözü vicdan sömürüsü sadece;0;1;0
akpartiden önceki ödenen vergiler nerde zaman yol havaalani metro hizli tren  köprü  hastaneler yapilmamiş memur maaşlari deprem yardimlari  ödenmi;0;1;0
karda rakı balık yapar deprem olur millet göcük altında kayağa gider istanbul ucuz der ucuz ulaşım der milletin anasını ağlatır zamlarla topal ördek seni akparti tepki oyları geldin millet pişman nusubet nasihattan iyidir demişlergidicisin;0;1;0
hayırdır emekliye maaş veremez durumuna geldiyoksa memuraişçiye maaş veremez durumunda engeliyemaas veremez durumunda ülke akparti gelmeden deprem paraları imefeye muhtaçtı ülke desteklemeyin ihtiyacımız;0;1;0
ktidar kilit anahtarı hdp yolunda geçer chp parti toplasan  hdp olmaz akparti nde geçerli;0;1;0
hatırlamıyorsam mhp koalisyonda değilmiydi deprem zamanı;0;1;0
sosyal güvenlik reformu yasasını  anap dsp mhp hükümeti insanlar deprem yaralarını sarmaya çalışırken çıkardı şçilerin yılını yediler yıllar yağma etti saçmalığa örgütlü mücadele sürdüren hareketi haksızlığı püskürttü;0;1;0
deprem sarızeybek zaman camiaya değildiki koray aydın olsa doğrudur derim  partileşemedi hala mhp nin çakması algısını yaratıyor nin kapıya koyduğu general çok liderliği kendilerine hak görüyorlar;0;1;0
gelecek partisi depremgelecek partisi batman merkez lçe başkanı ömer  teşkilat olarak istifa ettiklerini açıkladı;0;1;0
mamoğlu reklamı ayırdığı ödenek milyonluk stanbul olası deprem ödeneğinden fazlabir afet olsa paralar reklama gittiği için istanbulluya tas çorba dağıtamaz duruma getirdiler belediyeyiistanbul parasıyla hdp teşkilatlarını gezdi;0;1;0
kıyamet senaryosu barajları köprüleri hastaneleri yıkacaklaryargıda deprem akp sonrası kavga başladıimamoğlu siyasi hayatı bitti hdp abluka altında editör masasi;0;1;0
hdp yapılacak yardım kürt halkına yardım olarak dağıtılsınçay şeker ihtiyaç malzemesi şeklindehdppkk nın kürtlere faydası olmuşzarardan başkabölgede deprem battaniye göndermiş pkk eşkiyaları;0;1;0
akp nin içindeki mhp seçmenini gözardı etmemek eski mhp mansur aday olmalıdır seçim kazanılsın;0;1;0
fatihtoggnusretmacronaraplitre imamoğlu akşener tokat atıldı yaygara koparan chp liler ferhat encü denen hdp li provokatör askerimize hakaret ediyor buna diyeceksiniz;0;1;0
çişleri bakanı süleyman  göçün ülkeyi batırmadığını zenginleştirdiğini belirterek her göçün hikayesi kültürüyle gelmiştir üzerimize düşeni yapıyoruz yapmaya edeceğiz dedi;0;1;0
mhp belediyeden skandal gıda yardımı tadı gelince ortaya çıktı eskişehir alevi bursa camide atatürk;0;1;0
recep tayyip erdoğan tanımasam yeminli türkiye düşmanlarınahdpkk fetö demirtaş savunucularına bakarölümüne recep tayyip erdoğan sahip çıkarımvatan sevgimizin gereği budurdüşmanhain okunu takip ediyoruz recep tayyip erdoğan savunuyoruz;0;1;0
chp şey gelişiyor kasetle koltuk kapılıp chp ihraç ediliyor akşener imamoğluna sarılıp chp yollu deprem yaşatıyor kılıçdaroğlu tabanları yağlayıp almanya tırısa kalkıyor saati saatini tutmuyor;0;1;0
ekrem imamaoğlundan hatırda kalan selde tatil depremde tatil karda yemek hdpkk alınanlar borç otobüs deprem konutu yanan otobüsler yolda kalan otobüsler metro arızaları tuzlanmam yollar;0;1;0
ekrem imamoglunun sonucu olsun olsun chp koldan girdiler  buyuk deprem olacak yiyecekler birini emin olunuz parti mhp goruslerden olursa olsun sarlatanlara zirnik cikmazataturkculer kemalistler istifa edilmis eski vekiler canancilar;0;1;0
sorarım stanbulu nasilkazandıgı belli hdp olmasa kazanırdı ekofetocudur kendinizi kandırmayın ermenidirbunu goguldan araştır gerçeklerle yüzleş fetoculara chp hdp ulkemekim düşmana bende onlara düşmanım alçaksınız ahlaksızlar deprem olduğunda kaçacak yer arars;0;1;0
sende aynisin oda chpde seciliyorsa bilinki arkasinda onunde yaninda pkkhdpfetösuleymancilarla secilen sizler var yazik izmirin istanbulun halineseldepremkarkis arazisiniz;0;1;0
deprem ülkeyi vurdu altın emekçiler kaldı dsp anap mhp halkın derdi uğraşmak emekçiyi cezalandırdı anap gitti dsp gitti sira sende mhp;0;1;0
ülkemiz demeden çalışandepremterör uyuşturucuorman yangınıselkar felaket mücadele eden soylu saygılıyız yılda hiçbirsey yapmayanstanbulu yönetemeyen beceremeyenyıldır başarısız chp almış atatürk düşmanı hdp sıcak bakan mamoğlu;0;1;0
almanya başbakanı scholzdünya jeopolitik deprem yaşıyor milat karşıyayıztürkiye güçlenip çıkacağı kasırga adamdır pkk hdp kalleştir;0;1;0
yada eylül öncesi emekçiler deprem sonucunda geçici olarak getirilen hemde bugünkü chp kuran milletvekilleri dönemdeki ittifak ortağı olan mhp anap milletvekillerinin onayladığı yasayı akp mhp araya gelerek kaldırıyor bitiyor;0;1;0
sebebi basitktidar partisi seneden fazladir topladigi deprem vergilerini calip aralarinda bolustuler yada suriyelilere yedirdileryeni gelen ibbsinede buyuk zorluklar çıkararak onlarin calismalarini onlediler;0;1;0
tunus ulusal kurtuluş cephesi lideri necip şabi bugün yaşananlar deprem diyerek said meşru cumhurbaşkanı olarak gördüklerini açıkladı fiyaskodan said istifaya çağırdıbir diğer büyük parti meşrutiyet partisi said istifaya çağırdı ;0;1;0
orc seçim anketinden çarpıcı sonuçlar partinin ipi göğüslediği ilde oranları düştü eskişehir alevi bursa camide atatürk;0;1;0
bilmiyorsam memleket partisi buna benzer proje sunmuştu deprem riskinin olduğu bölgenin sanayi üssü yapılmasından bahsediyordu nce hatırlıyorum tarz projelerin uygulanması gerekir;0;1;0
pensilvanya dürüstse zaman gazetesi yenibosnadaki nasi deprem toplanma merkezi ken mara açilip cemaate verilmesi çıkmadı şimize gelince yolsuzluk işimize gelince zmet insanların duygulari oynamak bunun hesabini versin cemaat;0;1;0
engelliyken ortaya koyduklarıyla ifşaalarıyla deprem yarattı pis kokulu karaparti mensuplarında yerle yeksan olacaklar var;0;1;0
deprem gibi hdp ülkenin gerçeğidirher ikisi acil önlem almalıyız;0;1;0
kadın kolları genel başkanımız gölyaka ilçe örgütümüzle buluştu nazlıaka partimize katılan kadın üyelerimize rozetlerini taktı nazlıaka gölyaka deprem mağdurlarının kaldığı çadırları esnafı ziyaret ederek ilçenin nabzını tuttu;0;1;0
seçimde yerinize gelecekler herkesin hakkını verince kahraman olacaklar hemde cekinceleriniz sizin olmaktan çıkacak askerlik borçlanması doğum deprem mağdurlari gün hakkını alacak;0;1;0
seçim vaadlerinden haberiniz oozaman  prefabrik bildiğiniz akp deprem bölgesinde daha sürede binlerce konut dikmişken hizmet alanında kıyasa girmek akıllıca olmaz hak hukuk adalet konularında olabilir onu mazideki ayrıştırıcı tavırlardan millt yemez;0;1;0
altılı masa altılı kasa partisi partisi enflasyon deprem yoksulluk adaletsizlik sapıklıklar vurmalar kırmalar iklim krizi gelecek kaygısı say say bitmediler gelir gider bana gelir gider seni dert etmeler;0;1;0
olacak chp den istifa partiye katil onu yapacak yürekte bunda yaparlarsa yapsınlar onlara verecek yüzde oyları var tacizde etseler yolsuzlukta yapsalar deprem olsa altında kalsalar gelip kurtarmasada yinede verir;0;1;0
haksızsın kardeş kılıçdaroğlu partiye yaptiginı babası yapmazdı eleştirsene imamoglunuda deprem olur tatilde sel olur kayakta kar yağar yemekte;0;1;0
rade milliye aşkınız sandık patlayıncaya kadarmış bırak ülkeyi parti içi demokrasi masalıyla genel başkanlık max dönem vaadiyle geldiniz kriz deprem yılmış insanları tava getirdiniz yıldır darbe anayasası yenilediniz sonuç sudan;0;1;0
tanju bey partililerde karardan değiliz inanın stanbul beceriksiz belediye başkanını seçimde göndereceğiz şehri mahvetti kaldı tiyatroyu kitlenize kabul ettirirsiniz deprem karda arazi olmaya benzemez;0;1;0
yılı cumhurbaşkanlığı seçiminde kime oyunuzu verir sinizson daki kıyamet yaklaşıyor cumhurbaşkanı erdoğan teşekkürler kılıçdaroğlu bursa kürtçe;0;1;0
adam olmasa partinin haline chp taciz amerikanin çocuklari skandal gelecek berna;0;1;0
 yılı refah partisi  birinci;0;1;0
geliyor gelmekte olan öyle  oyu olam parti ses getiremez ülke çapında zafer partisinin türkiye geneli oranı ;0;1;0
hukuk mekanizmasını çalıştırıp taciz  konularını onlara devredin ekonomi geçim konularına egilin tabiii geçim konusuna bağlı olan seçim konusu var;0;1;0
seçim senaryoları taktikleri komplo teorileri seçmenin tercihini etkiler ;0;1;0
akp hükümeti yılda bunları yapmış deprem sel olmuş yaraları sarmış yıldır uluslar arası mikropla uğraşmış dünya çırpınmış türki gülmüş çürük partisinin lideri çişleri bakanı olduğu dönemde depreminde ankara kocaeli gitmiş;0;1;0
laikli iktidarın masanın hedefindebi kaniti  yasasi ğeri güclendirilmiş parlementer sistem partiler laikli karşisinda ortaklarcem garipoğlu fetö adil ekrem;0;1;0
asgari ücret olsun diyenler akparti hükümetleri öncesi asgari ucrete  zam veren kafalardırbunların bol keseden salladıklarına bakmayın hükümete gelsinler değilasgari ucretdeprem paralarıyla memura maaş vermeye başlarlar;0;1;0
gavur mars partinin belediyesi olduğunu tahmin etti yerli milli belediye yönetse idi marsı deprem sürecektir;0;1;0
saadet partisinde deprem  bayram;0;1;0
deva partisi sözcüsü aralık salı yarin  çalar saat programında gündemi değerlendirecek;0;1;0
seçim sonrası siyasette deprem olurenkazın altında kimler kalır yaşayan görür;0;1;0
chp kadın kolları genel başkanı aylin nazlıaka düzce gölyakadaki depremin kurulan çadırkentleri ziyaret etti;0;1;0
parti olarak deprem araçlarına meclisten onay verdik esenyurt belediyesi yöneticileri araçları alıp belediyemize kazandırmadılar olası depremde araçlara ihtiyaç duyulacak esenyurt belediye başkanı belediye yöneticileri sınıfta kaldı;0;1;0
saadet partinde deprem muğla ortaca lçe teşkilatı komple istifa ettigerekçe nin altılı masada olması milli görüşe aykırıdırdoğru söze denir ;0;1;0
chp kayseri atatürk kente tarihi ziyaretine özel mesaj;0;1;0
sizin partili dönemden halk galip geliyor halk neye layık onunla idare ediliyorbiri deprem yardımı maaş alırken diğeriuzaya uydu gönderyor siha uçuruyorhızlı trene biniyoruçak yolculuğu yapıyor;0;1;0
partili başkanlar flaş iddialar soylu bursa;0;1;0
çişleri bakanı süleyman soylufetö kılıçdaroğlu bedri serter özel ricada bulundu olay sonrası serter chp zmir  başkanı chp zmir milletvekili oldu fatih togg nusret macron arap litreimamoğlu akşener;0;1;0
kadınla müstehcen görüntüleri ortaya çıkan partili merkez lçe başkanı yıldız istifa etti mavi yahudi tokat;0;1;0
süleyman soylu bakanımızchp kemal kılıçdaroğlu sorular sormuş cevap ver bay kemal;0;1;0
ülkede binlerce sahte ploma hergün skandal patlıyor tip alanı tehlikeli olanı menzil tarikatı temizlenmeli seçimi fetö hâla tbmm  adayı köpekler sahipsi değildi tokat;0;1;0
ysk erdoğan aday olmak verdiği belgeyi yayınladı sahte geçersi neyi tartışıyoruz seçimi adayı temizlik yapılır devlet rayına oturur suriyeli arap işgali varsüleyman soylu;0;1;0
sizce akp kaybedincenormal parti gidebilir  messi katar arjantin maria maradona fransız penaltı acuna tari  sorun var mersin hakem fatih araplar afrika hacı ferhat encü ronaldo süper lig eline osmanlı saat;0;1;0
kayserispor seçilen imam başkanı konuşan partili mehmet özhaseki işi dua şekilde götüreceğiz artıkmam başkan konuşmasında hadislere yer verdi;0;1;0
zafer partisi gündemde tutmayınca konuşmuyoreee nerde muhalefet;0;1;0
türkiye genel seçimleri haritadaki detayı fark edenler aşağıya yazsın ronaldo acuna napoleon bonaparte tari  hakem fransız türk kürt aday belli karar netgürcistan abd macron;0;1;0
ülkemizde etnik köken dini inanç seçimlerin sonucuna etki ediyor devlet bahçeli hakemkatar ergenekon buenos aires tari kürt higuain müslüman ronaldocu acuna emiliano martinezakrep messici eğitim;0;1;0
 partiye verecek vatansever kardeşlerim açılımda verdiğimiz şehitlerimiz yetmedi  ülke  açılım kaldıramaz;0;1;0
ulkemizin hak ettiği adaleti getirmek içinyeniden refah partisi fatih erbakan güveniyoruz;0;1;0
yemişim sizin seçiminiziyaptığınız kayıkçı kavgalarınıdeprem önlem aldınız onu söyleyin banaanla meclisteki partilere verilmez artıkonların yaptıkları yapacaklarının göstergesidironun bunları meclisten türkiyemyeni yüzler eller gelsin;0;1;0
deprem konusunu önemseyen planlama yapan muharrem ncememleket parti ;0;1;0
seçimlerde deprem etkisi yapacak parti yeniden refah partisi üyelik linki atıyorum buyurun başlıyoruz;0;1;0
akparti yokken emekli memur maaşınıdeprem yardım parası ödüyordunabd den  den borç para dileniyordun;0;1;0
alın size chp hükümeti gücü görün van olan deprem neler kastamonu neler devlet yaptı ithal hükümeti birşey olmaz chp nin vaat lerine karnımız tok;0;1;0
ortalama dolar gün dolar yaklaşık  baskılanmış gün  olmalıydı baskı seçime sürerse sonrasında baskıyı kırar deprem olur anda fırlayabilir;0;1;0
tersi secimi muhalefet kazanicak guzel gunler basliyor deprem olucak hayatimiz kayacak deprem sonrasi kurtarma enkaz isleri yurutulemedigi icin sure chp suclanacak sonraki secimde baska parti basa gelecek;0;1;0
para bulamayıp memur maaşını deprem yardımi ödeyen sol partili ecevit döneminden dünyaya ınsansiz savas uçağı ihraç eden olayda erdoğan çözeemi kapısina gelen dünyaya geldikazcık tebrike edin;0;1;0
 parti  üyemiz   başkan yardımcımız  lçe başkanımız lçe yöneticilerimiz beraber programımız dahilinde mahallemizde kapı kapı gezip deprem farkındalığı oluşturmaya çalıştık;0;1;0
gerçekçi olalım akp parti çıkar konya bizi  olacağı ilgilendirir konya  kaybı deprem etkisi yaratır;0;1;0
cahil size cahil demişkendi büyükleri deprem parasını memura maaş olarak veriyordu azından maaşlarını alıyorlardahasını saymaya yok yıldır bunu anlayamayacak cahilse verbaşkanlık seçimi adaylık tiyatrosu yapan yobazlardan bahsediyoruz;0;1;0
nşirah şüphe kolaylık vardır  yine kolaylık daha vardıryilma cumhurbaşkanı erdoğan parti deprem noel kuran;0;1;0
parti geldi milletyol gördühastanelerde rehin olmaktankurtulduhavaalanıhızlı tren gördüvan hizmet nedironu gördübolu tünelini açamayanbeceriksizlere yüzlercetünel açılır onugösterdigeçmişi biliriz biz;0;1;0
yüzünde rabbi yesir vardı onu diyoruz seçimlere camiye gitmeye başlar istanbulu yönetiyosun acil durum olsa deprem olsa sel olsa kafa kıyakmı yöneticen istanbulu;0;1;0
gelecek seçimde chp aldi kalelertek geri  saflarına girecek tasalanmapartizde deprem olacak  çoklari durdurulmayacak nşaallah  olacaksicumhurbaşkanimizsn  balkon konuşmasina şahi olacaksiznokta;0;1;0
parti ayağına sıktı mıktı  imamoğlu siyasi yasak kararı  masada var olan çatlağı iyice derinleştirip masada  şiddetinde deprem yarattı;0;1;0
taha sene yönettiniz istanbulu dediklerinin hangisini yaptınız stanbul talan ettiler bitane çimen bırakmadılar ses etmediniz deprem vergilerini ettiniz hesabını vermediniz partinizin ilçe başkanlarına araç peşkeş çektiniz görevden bahsedysn;0;1;0
benim gönül bağımı koparıyorlar koparmayın gönül bağımı yalvarıyorum  senedir bakın yapmayın chp tuvaletlerini yıkadım partinin baraja takıldığında lira para vardı cebimde deprem olmuştu yalovada lirasını parti giderlerine harcadım;0;1;0
parti mitingine neymiş deprem etkisi yaratır bizde hak bizde borçlu olan düşünecek;0;1;0
akpnin politikası türki nüfus yapisini bozmak içinmiş gibihatırlayın karıştırılan binalar kolayca yıkılmıştı  suriyeliafgan kumu karıştırıyor sözü vicdan sömürüsü sadece;0;1;0
deprem başlığı başlık deyil onun saadet partili kardeşlerimiz birlik zamanı dediler refah partisi geldiler sözler cekici olur itici olmaz;0;1;0
karar  parti chp bakırköy lçe başkanlıkları astıkları pankartları karşılaştırmalı olarak yayınlıyor aşağıdaki kriterler doğrultusunda kararı bakırköylülere bırakıyoruz  ;0;1;0
tane zekası yüksek hayırdır ülkede devlet var panoya ilan versin adam yazmıyor deprem olur iban atarlar hasta olur tedavi parası toplanır hayırdır demezler seçimde bekleyin;0;1;0
kaşikçi hataydaki yapilar afetlere rençli hale gelmelimilliyetçi hareket partisi hatay milletvekili lütfi kaşıkçı deprem bölgesi olan hatay yapı stoğunun afetlere dirençli hale getirilmesi gerektiğini söyledi;0;1;0
dürüst  kar yağar tatile deprem olur tatile gider heykel yapar milyonluk konserler verir millet tankerden taşır amerika hamburger  yemeye gider türkiye yabancı ülkelere şikayet eder parti taciz olur der;0;1;0
vala hocam linç yiyeceğini bildiğim halde deprem bizim topluma saygı kaldı sevgi merhamet vicdan hak hukuk berat albayrak sözü izi izine karışmış toplumda yaşıyoruz gerçeği partisi söylemişti;0;1;0
akparti öncesimemurunun maaşını ödeyemez hale getiren sizsinizdeprem dedeler toplanan paralarlamemur maaşını ödeyipzeprem zedeyi çaresiz bırakan sizsinizmilleti salak koymayınsalak koysanız koysanız sizin gibilerin hala peşinde koşanları koyarsınız;0;1;0
ktidara gelmeden itiraz ettikleri uygulamaları ktidara geldikten uyguluyorlar eyt çevre temizlik vergisi deprem vergisi kötüsüde darbesinin anayasasını degistiremediler işlerine yarıyor diyanet noel haram diyor akparti noel kutluyor;0;1;0
deprem vurur yıkılmazlar enflasyon vurdumu yıkılacaklar bizde halkta motoru kaldı nede şanzıman donumz kaldı akp mhp temsili günah çıkarmanın türkiye yolu;0;1;0
alın size chp hükümeti gücü görün van olan deprem neler kastamonu neler devlet yaptı ithal hükümeti birşey olmaz chp nin vaat lerine karnımız tok;0;1;0
ortalama dolar gün dolar yaklaşık  baskılanmış gün  olmalıydı baskı seçime sürerse sonrasında baskıyı kırar deprem olur anda fırlayabilir;0;1;0
tersi secimi muhalefet kazanicak guzel gunler basliyor deprem olucak hayatimiz kayacak deprem sonrasi kurtarma enkaz isleri yurutulemedigi icin sure chp suclanacak sonraki secimde baska parti basa gelecek;0;1;0
para bulamayıp memur maaşını deprem yardımi ödeyen sol partili ecevit döneminden dünyaya ınsansiz savas uçağı ihraç eden olayda erdoğan çözeemi kapısina gelen dünyaya geldikazcık tebrike edin;0;1;0
 parti  üyemiz   başkan yardımcımız  lçe başkanımız lçe yöneticilerimiz beraber programımız dahilinde mahallemizde kapı kapı gezip deprem farkındalığı oluşturmaya çalıştık;0;1;0
gerçekçi olalım akp parti çıkar konya bizi  olacağı ilgilendirir konya  kaybı deprem etkisi yaratır;0;1;0
cahil size cahil demişkendi büyükleri deprem parasını memura maaş olarak veriyordu azından maaşlarını alıyorlardahasını saymaya yok yıldır bunu anlayamayacak cahilse verbaşkanlık seçimi adaylık tiyatrosu yapan yobazlardan bahsediyoruz;0;1;0
nşirah şüphe kolaylık vardır  yine kolaylık daha vardıryilma cumhurbaşkanı erdoğan parti deprem noel kuran;0;1;0
parti geldi milletyol gördühastanelerde rehin olmaktankurtulduhavaalanıhızlı tren gördüvan hizmet nedironu gördübolu tünelini açamayanbeceriksizlere yüzlercetünel açılır onugösterdigeçmişi biliriz biz;0;1;0
yüzünde rabbi yesir vardı onu diyoruz seçimlere camiye gitmeye başlar istanbulu yönetiyosun acil durum olsa deprem olsa sel olsa kafa kıyakmı yöneticen istanbulu;0;1;0
gelecek seçimde chp aldi kalelertek geri  saflarına girecek tasalanmapartizde deprem olacak  çoklari durdurulmayacak nşaallah  olacaksicumhurbaşkanimizsn  balkon konuşmasina şahi olacaksiznokta;0;1;0
parti ayağına sıktı mıktı  imamoğlu siyasi yasak kararı  masada var olan çatlağı iyice derinleştirip masada  şiddetinde deprem yarattı;0;1;0
taha sene yönettiniz istanbulu dediklerinin hangisini yaptınız stanbul talan ettiler bitane çimen bırakmadılar ses etmediniz deprem vergilerini ettiniz hesabını vermediniz partinizin ilçe başkanlarına araç peşkeş çektiniz görevden bahsedysn;0;1;0
benim gönül bağımı koparıyorlar koparmayın gönül bağımı yalvarıyorum  senedir bakın yapmayın chp tuvaletlerini yıkadım partinin baraja takıldığında lira para vardı cebimde deprem olmuştu yalovada lirasını parti giderlerine harcadım;0;1;0
parti mitingine neymiş deprem etkisi yaratır bizde hak bizde borçlu olan düşünecek;0;1;0
akpnin politikası türki nüfus yapisini bozmak içinmiş gibihatırlayın karıştırılan binalar kolayca yıkılmıştı  suriyeliafgan kumu karıştırıyor sözü vicdan sömürüsü sadece;0;1;0
deprem başlığı başlık deyil onun saadet partili kardeşlerimiz birlik zamanı dediler refah partisi geldiler sözler cekici olur itici olmaz;0;1;0
millet ittifakı seçimi kazanırsa ülkede yapacak var düşünün deprem olmuş enkaz tahliye edilecek kurulacak eğitim sağlık adaletöncelikle yurt dışına giden doktorlar tekrardan ülkeye getirilmeli şartları iyileştirilmeli yabancı uyruklu doktorlar men edilmeli;0;1;0
meclisten geçirdiniz yanımızda değilsiniz seçim demeye geleceksiniz depremzedeyi unutma;0;1;0
zafer partisi iktidarından yazıyorumtarım sanayi politikalarıyla dengeye gelen ülke ekonomik buhrandan kurtuldu stanbul sanayi yükü azaltıldı stanbul nüfusu azaldı deprem tehlikesine önlem alınıyor;0;1;0
erem abi gel düzceye parti belediyeciliği görheryer tertemiz misdeprem kesilmedi allah şükürchp orda zulüm vardır;0;1;0
hocam bugun tbmm olan butun vekil bakan burokratlar uluslararasi hirsizdir parti ayrimi yapmaya birbrinin adami tbmm deki herhangi yumurta satsa icinden sarisi cikmaz sizde kendinizi yorup deprem konusmuyorlar diyorsunuz hic yorulmayin;0;1;0
darıca kaymakamı syn yüksel kara darıca belediye başkanı muzaffer bıyık parti darıca lçe başkanı ufuk acay belediyemizi ziyaret ederek yaşamış olduğumuz deprem afeti sebebi geçmiş olsun dileklerini ilettiler kendilerine nazik ziyaret teşekkür ederim;0;1;0
 tarihindeki luk deprem sonrası zmir bayraklı yaşanan yıkımın ortadan kaldırılması  meclisinde partilerin ortak oylarıyla kabul edilen emsal artışı kararına tmmobnin açmış olduğu davanın kamu yararı amacı taşıdığına inanıyor musunuz;0;1;0
refah partisi lçe başkanı türk bahçelievler kentsel dönüşemedi;0;1;0
seçim yerel seçime benzemez artçı deprem;0;1;0
cemil kılıç diyon tecavüz taciz partisi olan chp partiye sesiniz yada chp parti kapatılsın haykırdınızmı zaman zmir deprem oluyorsaallahın bildiği vardır;0;1;0
engelledi büyük ekonomiydik yüzden memura maaş ödenmiyordu  deprem olduğun depremzedelere ulaşılıyordu oda yarım yamalak yardımlarla yaşındaymışsınız ders çıkarmamışsınız parti tutmayı takım tutmak sanmışsınız;0;1;0
deprem yardım paralarını memur işçi maaşlarında kullandıklarını kendileri söyledilerdeprem evlerinin nalbur malzemelerinin  partinin tepe noktasının nalbur dükkanından alındığını söylemeye var ;0;1;0
hükümetin seçime doları tutmak sonuca bakmadan politika uygulayacak olması vadede borsa olumlu vadede ülkede ekonomik riskler büyüyor deprem savaş yasamadikla ülkenin büyük handikapi kur riski maalesef durum ges yarar;0;1;0
onu akp söyle istanbulda deprem toplanma alanlarını ranta açtılar;0;1;0
şte akppklı erdoğanı ilahlaştırıpkedi şirkini kapatıyor akpkk üzerinden sionizminyapay deprem üreterek türkiye korku saldığını örtmeye çalışıyordu;0;1;0
umarım ülkede kaos planı oluşturduklarının planı seçimlere denemeye çalıştıklarının farkındasınızdır deprem deneme sirenleri  internet iletişimini kesme senaryolarını elektrikleri kesme planlarınının açıklaması olamaz ;0;1;0
oradakiler kürt hemde kürtler biliyor musun seçim döneminde sandıkları patlatarak çıkan fiili olarak kürdistan haritasını çizen kürtler kimsin ergen;0;1;0
hocam bizim hayatımız deprem tehlikeli akp tehlikede inanın canını düşünecek halde günlerde;0;1;0
zafer partisi haftadır inanılmaz derecede saldırılar vardemek oranı  leri devirmeye başladı zafer partisi başına iktidara geliyor armağan çağlayan denkgeldiğimiz zamanabak suriyeliler çalışanlara nur sürer;0;1;0
erdoğanbahçeli çözümgenelaf fetö yargıda deprem yaratı bizlerde enkazında kaldık genelaf istiyoruz;0;1;0
adam iktidar partisi olarak eyt çözdü muhalefet staj deprem mağduru sonrası proje üretsin kıran kırana seçime gidilsinbiz düzenlenmesin demiyoruz eyt düzenlenmesin istiyorsunuz fesatlığınızdan;0;1;0
deprem bölgesi millet vekilleri neredesiniz vatandaşınız mağdur seçim yaklaşıyor bilgilerinize kapsam  olmalı;0;1;0
akif yıldır sağ iktidarlar var eğitimsiz vatandaşın oyu suistimal edilir seçim zamanı balonlarekonomiadaleteğitim göçükşehirli felaket önümüzde depremdüşün bunları;0;1;0
tüm partilere soruyoruz deprem vergilerini amacına uygun kullanacak mısınız  aydır zmir depremzedeleri hibe faizsi kredi istiyorama verilmiyor;0;1;0
yunan siyasetinde küçük çaplı deprem yunanistan yassıköy iasmos belediye başkanı önder mümin yardımcılarını fetöcü oldukları gerekçesiyle kovdu;0;1;0
seçim vaatlerinden hangilerini yüzde kaçını gerçekleştirdi deprem konutundan tanesini yaptı;0;1;0
seçime gidiliyor hükümetin attığı akıllıca adımlar abd olmak üzere küresel emperyalistleri onların kuklaları fetö pkk taşeron hainleri sıkıntıya soktu nedenle ülkede ekonomiyi dibe vurdurmak yapay deprem üretebilirlerdevlet aci tedbi almali;0;1;0
ümit özdağ parti gider  masa gelirse fetö döner;0;1;0
itibariyle vergi sistemi sınırlarımız muhalefet partileri aralığı buraya sayım başlatabilirsiniz büyük şehir belediye başkanlıkları saklayin;0;1;0
